sample_ID,sample_name,sample_name_ID,sample_name_short,rock_type,rock_type_short,rock_type_ID,x3He_4He_vesicle,x3He_4He_vesicle_2s,x3He_4He_glass,x3He_4He_glass_2s,He_cc_STP_g_vesicle,He_cc_STP_g_glass,latitude,longitude,latitude_start,latitude_end,longitude_start,longitude_end,depth_m,depth_m_start,depth_m_end,location_ref,collection,expedition_ID,loihi_location_ID,location,rock_type_flag,rock_type_ref,rock_type_notes,rock_type_orig_dave,location_short,expedition,collection_type,depth_calc,lat_lon_calc,expedition_year,expedition_month,CO2_cc_STP_g_vesicle,CO2_ppm_vesicle,CO2_cc_STP_g_glass,CO2_ppm_glass,CO2_ppm_glass_stdev,H2O_wt_pct_glass,H2O_wt_pct_glass_stdev,Cl_wt_pct,S_wt_pct,K_wt_pct,Ti_wt_pct,F_wt_pct,SiO2_wt_pct,TiO2_wt_pct,Al2O3_wt_pct,FeO_wt_pct,MnO_wt_pct,MgO_wt_pct,CaO_wt_pct,Na2O_wt_pct,K2O_wt_pct,P2O5_wt_pct,total_wt_pct_old,Mg_number_old,Alkalinity_index,K_ppm,Rb_ppm,Sr_ppm,Y_ppm,Zr_ppm,Nb_ppm,Mo_ppm,Sn_ppm,Cs_ppm,Ba_ppm,Hf_ppm,Ta_ppm,W_ppm,Tl_ppm,Pb_ppm,Th_ppm,U_ppm,Sc_ppm,Ti_ppm,V_ppm,Mn_ppm,Ni_ppm,La_ppm,Ce_ppm,Pr_ppm,Nd_ppm,Sm_ppm,Eu_ppm,Gd_ppm,Tb_ppm,Dy_ppm,Ho_ppm,Er_ppm,Tm_ppm,Yb_ppm,Lu_ppm,x208Pb_204Pb,error_208Pb_204Pb,x207Pb_204Pb,error_207Pb_204Pb,x206Pb_204Pb,error_206Pb_204Pb
1,MIR 2335-2,MIR-2335-2,MIR 2335-2,Transitional Basalt,Tr,3,24.89210632,0.467390411,25.38251794,0.210787885,3.91745e-8,4.4762e-7,18.70230713,-155.1603797,NA,NA,NA,NA,5068,NA,NA,dg-IEDA-2023,MIR2335,1,1,South Rift,NA,NA,NA,NA,S. Rift,1990 MIR,dive,TRUE,NA,1990,NA,9.63e-4,1.8904256268403679,0.1288805,253,6.401058114,0.88721875,0.027947746,0.0782,0.16,0.559,1.731,0.069,48.28426,3.026256,14.3312004,10.99526,0.152626,6.782676,11.8051976,2.934208,0.7249186,0.3352738,99.3718764,NA,NA,5506,13.17,479,25.6,165,21.69,1.04,1.84,0.14,186,4.19,1.41,0.24,0.038,1.74,1.32,0.38,28.8,17693,363,1219,131.7,17.25,41.33,5.5,24.87,5.89,2.01,5.89,0.86,5.09,0.93,2.53,0.32,2.01,0.29,NA,NA,NA,NA,NA,NA
2,MIR 2335-5,MIR-2335-5,MIR 2335-5,Transitional Basalt,Tr,3,25.29178319,0.49197356,25.41828124,0.211003881,6.46683e-8,5.20674e-7,18.70487355,-155.1618853,NA,NA,NA,NA,5025,NA,NA,dg-IEDA-2023,MIR2335,1,1,South Rift,NA,NA,NA,NA,S. Rift,1990 MIR,dive,TRUE,NA,1990,NA,0.00216,4.2402070134737215,0.11920172727272728,234,16,0.877,0.025,0.093,0.165,0.609,1.829,0.062,47.838953,2.983746667,13.97103333,10.81953333,0.152657667,6.82386,11.948112,2.806013333,0.714625333,0.327948333,98.386483,NA,NA,5906,13.93,521,28.5,185.5,23.43,1.07,1.88,0.149,199,4.73,1.55,0.27,0.037,1.69,1.49,0.4,29.4,18107,370,1236,130.52,17.82,42.17,5.64,25.43,5.97,2.03,5.93,0.88,5.23,0.93,2.51,0.34,2.09,0.29,38.16525948,6.094e-4,15.47528257,2.408e-4,18.38440997,2.811e-4
3,MIR 2335-6,MIR-2335-6,MIR 2335-6,Transitional Basalt,Tr,3,25.32746431,0.266154166,NA,NA,9.1259e-8,NA,18.70060936,-155.183324,NA,NA,NA,NA,4983,NA,NA,dg-IEDA-2023,MIR2335,1,1,South Rift,NA,NA,NA,NA,S. Rift,1990 MIR,dive,TRUE,NA,1990,NA,0.00451,8.85339519942893,0.12633345454545455,248,10.47619048,0.885341497,0.026668752,0.0969,0.164,0.611,1.862,0.06,48.0117236,3.063212,14.57564,10.89326,0.1562286,6.160646,11.6513892,2.962564,0.7512064,0.343991,98.5698608,NA,NA,6360,15.23,534,26.9,179.4,24.45,1.18,2.03,0.164,213,4.59,1.55,0.29,0.044,1.97,1.5,0.44,27.4,18583,381,1268,107.78,18.45,45.25,5.86,26.06,6.09,2.08,6,0.88,5.09,0.94,2.48,0.33,2.02,0.28,NA,NA,NA,NA,NA,NA
4,MIR 2335-7,MIR-2335-7,MIR 2335-7,Transitional Basalt,Tr,3,24.33492,0.282985374,25.15598982,0.214984395,4.99582e-8,3.39373e-7,18.70568008,-155.1909184,NA,NA,NA,NA,4979,NA,NA,dg-IEDA-2023,MIR2335,1,1,South Rift,NA,NA,NA,NA,S. Rift,1990 MIR,dive,TRUE,NA,1990,NA,0.00199,3.90648701704292,0.12378640909090909,243,3.421509482,0.756494854,0.010244519,0.079,0.166,0.585,1.818,0.062,48.13888933,3.082643333,14.45313333,10.89868333,0.161148167,6.49629,11.7562665,2.897358333,0.7413735,0.335233167,98.961019,NA,NA,5991,14.22,515,24.5,164.3,22.94,1.08,1.97,0.144,199,4.01,1.39,0.27,0.038,1.74,1.31,0.42,28.6,18295,373,1260,120.87,18.47,43.51,5.79,25.68,6.14,2.06,6.09,0.9,5.25,0.96,2.51,0.34,2.1,0.29,NA,NA,NA,NA,NA,NA
5,MIR 2335-8,MIR-2335-8,MIR 2335-8,Transitional Basalt,Tr,3,24.42177464,0.312792344,NA,NA,4.47904e-8,NA,18.70696355,-155.1915216,NA,NA,NA,NA,4976,NA,NA,dg-IEDA-2023,MIR2335,1,1,South Rift,NA,NA,NA,NA,S. Rift,1990 MIR,dive,TRUE,NA,1990,NA,0.00122,2.394931739091639,0.1349934090909091,265,2.63645012,0.787988715,0.018357777,0.0825,0.18,0.575,1.809,0.067,48.22922,3.046804,14.3729388,10.9848,0.1607854,6.76274,11.8104308,2.95919,0.7321024,0.3324766,99.391488,NA,NA,5821,13.63,508,26.6,175.2,22.85,1.03,1.87,0.137,194,4.38,1.48,0.26,0.037,1.7,1.44,0.39,27.9,18517,388,1295,128.02,18.45,44.71,5.83,25.98,6.11,2.06,5.91,0.86,5.04,0.92,2.48,0.32,2.07,0.28,NA,NA,NA,NA,NA,NA
6,MIR 2335-9,MIR-2335-9,MIR 2335-9,Transitional Basalt,Tr,3,24.87421389,0.273248374,NA,NA,5.08839e-8,NA,18.7091054,-155.1909307,NA,NA,NA,NA,4971,NA,NA,dg-IEDA-2023,MIR2335,1,1,South Rift,NA,NA,NA,NA,S. Rift,1990 MIR,dive,TRUE,NA,1990,NA,0.00237,4.652449362005889,0.12174877272727273,239,5.510383245,0.801585302,0.009361232,0.0851,0.172,0.584,1.825,0.061,47.343144,2.970032,13.80416,11.57188,0.1664594,6.825566,12.4186788,2.773526,0.7096194,0.3094782,98.8925438,NA,NA,6117,14.5,551,29.2,192.3,24.58,1.11,1.91,0.154,210,4.91,1.65,0.27,0.038,1.74,1.58,0.42,29.1,19868,394,1318,110.29,20.33,47.35,6.38,28.57,6.78,2.26,6.56,0.96,5.72,1.04,2.76,0.37,2.26,0.32,38.15155934,4.57957e-4,15.47253541,8.77895e-4,18.37568244,7.68371e-4
7,MIR 2335-10,MIR-2335-10,MIR 2335-10,Transitional Basalt,Tr,3,24.36773705,0.369805733,NA,NA,2.7249e-8,NA,18.69362652,-155.1642794,NA,NA,NA,NA,5000,NA,NA,dg-IEDA-2023,MIR2335,1,1,South Rift,NA,NA,NA,NA,S. Rift,1990 MIR,dive,TRUE,NA,1990,NA,1.67e-4,0.3278308200231998,0.12480522727272728,245,4.19047619,0.774893062,0.008104003,0.0825,0.169,0.589,1.826,0.057,47.8746262,3.03218,14.24396,10.74956,0.1616748,6.624636,11.7850194,2.908316,0.7450964,0.3379616,98.4630304,NA,NA,5734,13.47,509,25.7,167.1,22.52,1.04,1.83,0.143,197,4.31,1.43,0.24,0.035,1.68,1.35,0.4,28.3,18493,389,1300,130.05,18.39,44.95,5.87,26.08,6.18,2.07,5.9,0.88,5.07,0.94,2.47,0.32,2.04,0.28,NA,NA,NA,NA,NA,NA
8,MIR 2335-11,MIR-2335-11,MIR 2335-11,Transitional Basalt,Tr,3,25.20777956,0.249531746,25.29067971,0.288259219,2.63053e-7,4.13572e-7,18.72764383,-155.1999757,NA,NA,NA,NA,4814,NA,NA,dg-IEDA-2023,MIR2335,1,1,South Rift,NA,dg-IEDA-2023,NA,TB,S. Rift,1990 MIR,dive,TRUE,NA,1990,NA,0.0169,33.1756937628268,0.12174877272727273,239,21.09160096,0.944887138,0.033530268,0.1008,0.181,0.648,1.795,0.087,48,3.11,14.59,11.52,0.17,5.94,11.37,3.15,0.82,0.37,99.04,50.5,0.64,6468,15.41,549,27.1,187.3,25.52,1.14,1.94,0.162,226,4.62,1.61,0.28,0.04,1.93,1.61,0.44,26.6,18175,370,1289,99.77,19.61,45.84,6.07,27.32,6.35,2.11,6.2,0.9,5.28,0.97,2.54,0.33,2.08,0.28,38.14349058,5.399e-4,15.47222936,2.322e-4,18.35496376,2.385e-4
9,MIR 2335-12,MIR-2335-12,MIR 2335-12,Tholeiite,Th,4,23.67366824,0.372478281,24.314944,0.311063519,1.59062e-8,1.37797e-7,18.72,-155.19,NA,NA,NA,NA,4614,NA,NA,dg-IEDA-2023,MIR2335,1,1,South Rift,NA,NA,NA,NA,S. Rift,1990 MIR,dive,TRUE,NA,1990,NA,0.0022,4.318729365575088,0.058582045454545456,115,7,1.434,0.04,0.1016,0.167,0.404,1.493,0.051,48.54089217,2.465665961,12.74174261,11.28940436,0.17720025,8.012105172,12.0336255,2.598545435,0.527,0.284026795,98.67020826,NA,NA,4776,11.05,391,18.5,117.2,17.99,0.96,1.87,0.107,145,2.91,1,0.24,0.034,1.53,0.97,0.37,30.9,15408,385,1431,171.87,13.92,36.18,4.5,20.12,4.62,1.67,4.7,0.68,4.1,0.74,1.97,0.26,1.6,0.22,NA,NA,NA,NA,NA,NA
10,MIR 2336-2,MIR-2336-2,MIR 2336-2,Transitional Basalt,Tr,3,25.20954532,0.199800715,25.30385306,0.185376861,1.40549e-7,6.12829e-7,18.74054936,-155.164707,NA,NA,NA,NA,4820,NA,NA,dg-IEDA-2023,MIR2336,1,1,South Rift,NA,dg-IEDA-2023,NA,TB,S. Rift,1990 MIR,dive,TRUE,NA,1990,NA,0.0101,19.826893905594716,0.11308881818181818,222,6,0.861,0.002,0.0948,0.173,0.644,1.807,0.075,47.95,3.02,14.1,11.35,0.16,6.6,11.67,3,0.78,0.34,98.97,53.5,0.47,6292,14.74,518,27.3,183.6,23.66,1.06,1.85,0.155,212,4.72,1.55,0.26,0.039,1.8,1.56,0.41,27.8,18353,377,1323,117.43,19.58,46.55,6.1,27.19,6.28,2.1,6.25,0.87,5.22,0.94,2.54,0.33,2.03,0.28,NA,NA,NA,NA,NA,NA
11,MIR 2336-4,MIR-2336-4,MIR 2336-4,Tholeiite,Th,4,27.87770557,0.181381886,28.0175185,0.166628921,3.37729e-7,3.87925e-7,18.75794088,-155.1767406,NA,NA,NA,NA,4420,NA,NA,dg-IEDA-2023,MIR2336,1,1,South Rift,NA,NA,NA,NA,S. Rift,1990 MIR,dive,TRUE,NA,1990,NA,0.0252,49.46908182386009,0.09475009090909091,186,7.25811767,0.978832092,0.020836983,0.0615,0.185,0.445,1.78,0.038,48.07158,3.015824,13.090176,11.84928,0.1786002,7.084018,12.1839676,2.567514,0.5493602,0.2898548,98.8801748,NA,NA,4342,9.93,405,25.4,153.3,19.14,0.89,1.81,0.101,142,3.98,1.26,0.21,0.03,1.33,1.08,0.33,31.6,18369,375,1379,115.77,14.53,35.4,4.85,22.55,5.57,1.91,5.77,0.85,5.12,0.92,2.52,0.32,1.99,0.28,38.21619913,0.001091876,15.47502091,5.81445e-4,18.48409985,9.87381e-4
12,MIR 2336-5,MIR-2336-5,MIR 2336-5,Transitional Basalt,Tr,3,26.58108911,0.225234607,26.439206,0.31541851,1.17016e-6,2.7715e-7,18.7699141,-155.185762,NA,NA,NA,NA,4140,NA,NA,dg-IEDA-2023,MIR2336,1,1,South Rift,NA,dg-IEDA-2023,NA,TB,S. Rift,1990 MIR,dive,TRUE,NA,1990,NA,0.0963,189.04256268403677,0.09169363636363637,180,11.85245652,0.97223294,0.006220491,0.0892,0.177,0.626,1.84,0.059,48.73,3.19,14.5,11.45,0.16,5.83,10.9,3.31,0.79,0.41,99.29,50.2,0.51,7010,16.88,473,28.1,181.1,25.29,1.28,2.23,0.179,218,4.35,1.5,0.29,0.042,1.95,1.41,0.49,25.6,19163,405,1399,88.49,18.67,47.55,6.05,26.91,6.43,2.18,6.46,0.94,5.72,1.05,2.81,0.37,2.41,0.33,NA,NA,NA,NA,NA,NA
13,MIR 2337-b,MIR-2337-b,MIR 2337B,Alkali Basalt,Alk,2,4.495483777,0.194632865,3.023730192,0.204246608,3.94655e-8,1.73604e-8,18.73,-155.16,NA,NA,NA,NA,4795,NA,NA,webplotdigitizer,MIR2337,1,1,South Rift,TRUE,NA,Transitional Basalt?? Check graham2023-supp,TB,S. Rift,1990 MIR,dive,TRUE,NA,1990,NA,0.034,66.74399928616043,0.04584681818181818,90,2.00603775,1.090644894,0.028695207,0.0503,0.081,0.954,1.327,0.07,50.34,2.25,16.86,7.34,0.14,7.18,10.73,3.05,1.17,0.52,99.59,66,0.03,9723,31.97,378,29.3,215,50.69,2,2.14,0.31,366,5.07,3.08,0.74,0.043,2.02,4.63,1.05,30.8,13920,264,1094,98.4,31.83,64.61,7.76,32.53,6.83,2.16,6.47,0.91,5.52,1.03,2.86,0.38,2.49,0.35,NA,NA,NA,NA,NA,NA
14,MIR 2337-2,MIR-2337-2,MIR 2337-2,Tholeiite,Th,4,26.3125645,0.212588976,26.48270404,0.246503857,7.18191e-7,5.37851e-7,18.73738359,-155.1730082,NA,NA,NA,NA,4810,NA,NA,dg-IEDA-2023,MIR2337,1,1,South Rift,NA,dg-IEDA-2023,NA,TH,S. Rift,1990 MIR,dive,TRUE,NA,1990,NA,0.0171,33.56830552333363,0.06571377272727273,129,3.200529057,0.66421573,0.014879176,0.0821,0.21,0.453,1.532,0.051,48.83,2.71,14.04,12.45,0.19,6.49,11.73,2.57,0.58,0.25,99.83,50.8,-0.48,4554,10.04,421,24.9,143.6,16.47,0.81,1.6,0.109,154,3.76,1.09,0.18,0.028,1.33,1.03,0.29,29,16181,362,1420,62.96,13.49,32.63,4.48,20.97,5.22,1.78,5.35,0.79,4.8,0.87,2.37,0.31,1.95,0.27,38.13987652,6.364e-4,15.47573139,2.801e-4,18.35848384,2.918e-4
15,MIR 2337-3,MIR-2337-3,MIR 2337-3,Tholeiite,Th,4,26.61169293,0.209749326,26.48950697,0.28183779,6.22837e-7,8.41329e-7,18.73738359,-155.1730082,NA,NA,NA,NA,4810,NA,NA,dg-IEDA-2023,MIR2337,1,1,South Rift,NA,dg-IEDA-2023,NA,TH,S. Rift,1990 MIR,dive,TRUE,NA,1990,NA,0.0397,77.93343446060497,0.1013724090909091,199,2.095238095,0.754090548,0.039793093,0.0433,0.189,0.414,1.669,0.038,49.47,2.89,14.15,11.88,0.18,6.42,11.39,2.62,0.5,0.29,99.79,51.7,-0.75,4152,9.4,395,29.7,168.3,17.14,0.83,1.75,0.085,134,4.31,1.15,0.18,0.027,1.29,1.12,0.3,28.9,17293,366,1379,66.43,14.4,35.17,4.84,23.24,5.71,1.99,6.11,0.93,5.59,1.04,2.87,0.39,2.36,0.34,NA,NA,NA,NA,NA,NA
16,MIR 2338-1a,MIR-2338-1A,MIR 2338-1A,Transitional Basalt,Tr,3,25.62335768,0.203079541,25.28216041,0.179923311,3.21572e-7,5.23417e-7,18.71258713,-155.1904657,NA,NA,NA,NA,4930,NA,NA,dg-IEDA-2023,MIR2338,1,1,South Rift,NA,NA,NA,NA,S. Rift,1990 MIR,dive,TRUE,NA,1990,NA,0.0282,55.35825823146248,0.11257940909090909,221,2.095238095,0.905714957,0.022273124,0.0998,0.18,0.654,1.806,0.065,47.7320344,3.051524,14.19622,11.37894,0.1520214,6.176624,11.5805052,3.0084,0.7933368,0.3476908,98.4172966,NA,NA,6247,14.62,528,27.7,186.6,23.99,1.08,1.88,0.154,214,4.78,1.59,0.26,0.039,1.81,1.59,0.41,26.6,18637,381,1317,105.11,19.98,47.79,6.28,27.62,6.45,2.16,6.27,0.89,5.34,0.94,2.55,0.33,2.12,0.28,38.14381659,6.261e-4,15.47282385,2.446e-4,18.35528733,2.93e-4
17,MIR 2340-1,MIR-2340-1,MIR 2340-1,Tholeiite,Th,4,26.29466812,0.212070664,26.22097598,0.361026049,8.98894e-8,9.95386e-8,18.89648373,-155.2504421,NA,NA,NA,NA,1309,NA,NA,dg-IEDA-2023,MIR2340,1,1,South Rift,NA,graham2023-supp,NA,TH,S. Rift,1990 MIR,dive,TRUE,NA,1990,NA,0.00575,11.287588114571252,0.025979863636363638,51,3,0.568,0.027,0.0699,0.196,0.448,1.561,0.067,49.03,2.56,14.04,11.54,0.18,6.85,12.05,2.64,0.53,0.26,99.67,54,-0.54,4320,9.45,413,22.9,132.4,15.81,0.81,1.58,0.098,148,3.43,1.02,0.19,0.029,1.32,0.97,0.28,28.2,16069,356,1372,82.17,13.45,32.63,4.42,20.54,5.12,1.79,5.22,0.78,4.72,0.84,2.31,0.3,1.87,0.26,NA,NA,NA,NA,NA,NA
18,MIR 2340-3,MIR-2340-3,MIR 2340-3,Tholeiite,Th,4,26.05802022,0.607779126,26.46657791,0.352876383,1.90135e-8,1.46557e-7,18.89511483,-155.2497189,NA,NA,NA,NA,1314,NA,NA,dg-IEDA-2023,MIR2340,1,1,South Rift,NA,NA,NA,NA,S. Rift,1990 MIR,dive,TRUE,NA,1990,NA,4.86e-4,0.9540465780315874,0.030055136363636364,59,NA,0.532386868,NA,0.0617,0.179,0.404,1.455,0.044,49.3447,2.481853333,13.3306305,11.52218333,0.183512333,7.446688333,12.33738333,2.43674,0.491093167,0.240471167,99.8152555,NA,NA,3941,8.58,390,23.2,131.6,14.58,0.73,1.5,0.091,135,3.43,0.98,0.16,0.025,1.22,0.92,0.26,31.5,15118,338,1323,108.78,12.22,29.44,4.03,19.12,4.81,1.68,5.08,0.75,4.51,0.82,2.25,0.29,1.81,0.25,38.1317065,4.92e-4,15.47414105,1.925e-4,18.34982767,2.236e-4
19,MIR 2341-1,MIR-2341-1,MIR 2341-1,Transitional Basalt,Tr,3,25.70670158,0.216465582,24.87168576,0.360696747,3.62623e-7,1.33028e-7,18.80223379,-155.2047491,NA,NA,NA,NA,3280,NA,NA,dg-IEDA-2023,MIR2341,1,1,South Rift,NA,dg-IEDA-2023,NA,TB,S. Rift,1990 MIR,dive,TRUE,NA,1990,NA,0.0235,46.13188185955207,0.057053818181818185,112,3.142857143,0.914844084,0.017449949,0.0982,0.179,0.598,1.899,0.073,48.23,3.29,14.19,12.21,0.18,5.69,10.97,3,0.7,0.34,98.81,48,0.29,5864,13.58,487,29.4,181.8,24.22,1.05,2.17,0.148,195,4.65,1.52,0.26,0.039,1.75,1.39,0.43,26.9,20115,401,1444,72.68,19.35,45.52,6.2,28.46,6.91,2.31,7.37,1.03,6.19,1.14,3.06,0.4,2.48,0.34,38.15677581,6.506e-4,15.47537346,2.53e-4,18.423605770000002,2.879e-4
20,MIR 2341-2,MIR-2341-2,MIR 2341-2,Alkali Basalt,Alk,2,24.43943013,0.241811174,22.73087583,0.43146102,1.74587e-7,3.56766e-8,18.81704036,-155.2110973,NA,NA,NA,NA,2943,NA,NA,dg-IEDA-2023,MIR2341,1,1,South Rift,NA,dg-IEDA-2023,NA,AB,S. Rift,1990 MIR,dive,TRUE,NA,1990,NA,0.0149,29.249576157758543,0.04788445454545454,94,2.419372557,1.066917813,0.015274513,0.0942,0.182,0.883,1.902,0.09,46.79,3.23,14.93,12.05,0.18,5.41,11.13,3.46,1.06,0.44,98.67,47.1,1.64,8297,20.06,643,28.4,215.6,31.1,1.44,2.02,0.214,291,5.2,2.04,0.35,0.053,2.47,2.1,0.52,21.3,19480,399,1412,68.29,25.57,57.88,7.5,32.45,7.13,2.34,6.85,0.97,5.49,0.98,2.58,0.32,2.06,0.29,38.01420421,4.451e-4,15.45990683,1.794e-4,18.26028206,1.968e-4
21,MIR 2343-2,MIR-2343-2,MIR 2343-2,Transitional Basalt,Tr,3,29.13601772,0.234229096,25.85847921,0.674785016,1.01513e-7,1.03987e-8,18.78531624,-155.1927008,NA,NA,NA,NA,3718,NA,NA,dg-IEDA-2023,MIR2343,1,1,South Rift,NA,dg-IEDA-2023,NA,TB,S. Rift,1990 MIR,dive,TRUE,NA,1990,NA,0.00609,11.955028107432854,0.09016540909090909,177,12,0.96,0.025,0.08,0.214,0.622,2.22,0.073,47.12,3.64,13.79,13.4,0.19,5.66,10.92,2.98,0.74,0.38,98.82,45.5,0.72,5957,13.99,487,28.7,195.8,25.93,1.15,2.2,0.138,196,4.94,1.68,0.28,0.044,1.8,1.48,0.44,23.4,21935,402,1497,51.29,19.15,44.94,6.2,28.21,6.73,2.29,6.67,0.96,5.65,1.02,2.67,0.34,2.12,0.29,NA,NA,NA,NA,NA,NA
22,MIR 2343-3,MIR-2343-3,MIR 2343-3,Transitional Basalt,Tr,3,23.97262193,0.231610463,23.36864548,0.284876935,9.81103e-8,9.57988e-8,18.78845252,-155.194807,NA,NA,NA,NA,3648,NA,NA,dg-IEDA-2023,MIR2343,1,1,South Rift,NA,dg-IEDA-2023,NA,TB,S. Rift,1990 MIR,dive,TRUE,NA,1990,NA,0.00583,11.44463281877398,0.0733549090909091,144,6.285714286,0.870288549,0.0147014,0.065,0.179,0.607,1.813,0.054,47.38,3.12,14.5,12.19,0.19,6.07,11.52,3.01,0.77,0.34,99.08,49.6,0.68,5759,13.77,501,25.8,167,23.44,1.01,1.73,0.155,198,4.2,1.54,0.25,0.039,1.57,1.46,0.39,24.9,18637,383,1400,79.26,18.02,42.25,5.66,25.65,5.99,2.03,5.99,0.86,5.09,0.94,2.47,0.32,2,0.27,38.23016923,5.393e-4,15.4859189,2.148e-4,18.49709948,2.478e-4
23,MIR 2343-4,MIR-2343-4,MIR 2343-4,Transitional Basalt,Tr,3,24.1154103,0.152394356,NA,NA,3.28991e-7,NA,18.78845252,-155.194807,NA,NA,NA,NA,3698,NA,NA,dg-IEDA-2023,MIR2343,1,1,South Rift,NA,NA,NA,NA,S. Rift,1990 MIR,dive,TRUE,NA,1990,NA,0.0296,58.10654055501026,0.07386431818181818,145,2.419372557,0.774083171,0.032986782,0.0626,0.193,0.602,1.76,0.062,47.24730948,2.931507867,14.03519021,11.35650898,0.17481789,6.853832371,12.33585365,2.887085226,0.704694668,0.315646109,98.84244646,NA,NA,5887,13.81,505,26,170,23.33,0.99,1.84,0.158,198,4.14,1.49,0.25,0.04,1.76,1.41,0.39,28.8,18312,387,1385,97.65,17.79,42.49,5.69,25.39,6.07,2.01,6.03,0.87,5.06,0.93,2.48,0.31,2,0.28,38.22190293,0.005821134,15.4848468,0.002149532,18.48950294,0.002440173
24,MIR 2343-5,MIR-2343-5,MIR 2343-5,Transitional Basalt,Tr,3,23.33896795,0.275380115,NA,NA,4.39381e-8,NA,18.78845252,-155.194807,NA,NA,NA,NA,3650,NA,NA,dg-IEDA-2023,MIR2343,1,1,South Rift,NA,NA,NA,NA,S. Rift,1990 MIR,dive,TRUE,NA,1990,NA,0.00184,3.6120281966628003,0.07539254545454545,148,4.012075499,0.919603666,0.02459277,0.0632,0.188,0.606,1.81,0.063,47.46985,3.077751667,14.5398825,12.1164,0.185785667,6.0662,11.54800967,2.966423333,0.7585525,0.344850667,99.073706,NA,NA,5812,13.72,498,25.1,164.7,23.14,0.99,1.8,0.154,199,4.02,1.47,0.25,0.037,1.68,1.43,0.39,25.1,18394,378,1388,78.9,18.23,42.3,5.72,25.8,5.93,2.03,6.01,0.86,5.09,0.93,2.52,0.32,2,0.29,NA,NA,NA,NA,NA,NA
25,MIR 2343-6,MIR-2343-6,MIR 2343-6,Alkali Basalt,Alk,2,23.16700508,0.171797117,NA,NA,1.63296e-7,NA,18.79159137,-155.1954169,NA,NA,NA,NA,3598,NA,NA,dg-IEDA-2023,MIR2343,1,1,South Rift,NA,NA,NA,NA,S. Rift,1990 MIR,dive,TRUE,NA,1990,NA,0.014,27.482823235477827,0.09373127272727273,184,0,0.951191566,0.017694746,0.0693,0.187,0.818,2.009,0.09,47.06758333,3.363583333,14.847987,11.70028333,0.161302667,5.729625,11.08822633,3.449971667,1.026723,0.435768833,98.8710545,NA,NA,8126,19.47,655,24.8,199.1,28.64,1.32,2.08,0.193,283,4.85,1.77,0.34,0.05,2.26,1.81,0.47,21.5,19970,375,1287,82.52,23.87,54.3,7.04,31.06,7,2.31,6.64,0.92,5.12,0.9,2.3,0.29,1.79,0.25,38.12661388,5.65e-4,15.46785762,2.324e-4,18.32737445,2.756e-4
26,MIR 2343-7,MIR-2343-7,MIR 2343-7,Transitional Basalt,Tr,3,23.85872492,0.270497535,23.28464289,0.383149331,5.06482e-8,6.35841e-8,18.7924436,-155.1978142,NA,NA,NA,NA,3560,NA,NA,dg-IEDA-2023,MIR2343,1,1,South Rift,NA,NA,NA,NA,S. Rift,1990 MIR,dive,TRUE,NA,1990,NA,0.00228,4.475774069777817,0.07539254545454545,148,4.012075499,0.889229283,0.052420847,0.0635,0.204,0.622,1.855,0.068,47.44846,3.143728,14.62036,12.15392,0.1821334,6.04975,11.7163,2.979434,0.7600232,0.3642698,99.4183784,NA,NA,6066,14.51,529,27.3,181.2,24.82,0.99,1.92,0.161,210,4.41,1.58,0.26,0.046,1.87,1.53,0.4,26.9,17810,372,1364,87.3,17.23,40.4,5.43,24.51,5.75,1.95,5.78,0.85,5.04,0.91,2.46,0.32,1.98,0.28,NA,NA,NA,NA,NA,NA
27,MIR 2343-8,MIR-2343-8,MIR 2343-8,Transitional Basalt,Tr,3,24.38337006,0.143585194,23.96912871,0.199267245,5.46493e-7,2.21232e-7,18.79444119,-155.1981206,NA,NA,NA,NA,3508,NA,NA,dg-IEDA-2023,MIR2343,1,1,South Rift,NA,NA,NA,NA,S. Rift,1990 MIR,dive,TRUE,NA,1990,NA,0.0504,98.93816364772017,0.0840525,165,2.00603775,0.810966518,0.0265993,0.0617,0.186,0.593,1.824,0.049,47.5827,3.009868,14.366187,11.6399,0.1701484,6.51599,11.9715036,2.878706,0.723743,0.3434664,99.2022124,NA,NA,5538,13.23,498,26.9,174,22.57,0.93,1.82,0.149,189,4.27,1.5,0.26,0.037,1.66,1.42,0.36,27.1,17978,374,1366,101.58,17.6,41.53,5.56,24.84,5.9,2,5.77,0.84,4.92,0.91,2.38,0.31,1.95,0.27,NA,NA,NA,NA,NA,NA
28,MIR 2343-10,MIR-2343-10,MIR 2343-10,Transitional Basalt,Tr,3,24.10437715,0.188593528,24.48206597,0.239487185,1.29042e-6,5.53869e-7,18.79872027,-155.1996324,NA,NA,NA,NA,3410,NA,NA,dg-IEDA-2023,MIR2343,1,1,South Rift,NA,dg-IEDA-2023,NA,TB,S. Rift,1990 MIR,dive,TRUE,NA,1990,NA,0.119,233.60399750156154,0.1003535909090909,197,NA,0.874635569,NA,0.0607,0.19,0.558,1.708,0.069,47.74,2.94,13.88,11.62,0.18,6.91,12.24,2.82,0.7,0.3,99.32,54.1,0.28,5434,12.9,478,26.2,168.7,21.91,0.92,1.71,0.144,185,4.23,1.45,0.24,0.037,1.65,1.4,0.35,29.6,17732,367,1329,108.48,17.28,39.69,5.39,24.6,5.92,1.97,6,0.85,5.05,0.92,2.46,0.32,1.99,0.27,38.22553396,0.001872697,15.48603999,8.3408e-4,18.49095263,0.001021455
29,MIR 2343-11,MIR-2343-11,MIR 2343-11,Transitional Basalt,Tr,3,22.13742368,0.402830983,23.38844205,0.279186392,4.12398e-8,1.90778e-7,18.79900109,-155.2023269,NA,NA,NA,NA,3350,NA,NA,dg-IEDA-2023,MIR2343,1,1,South Rift,NA,dg-IEDA-2023,NA,TB,S. Rift,1990 MIR,dive,TRUE,NA,1990,NA,0.00419,8.225216382618006,0.067242,132,4.19047619,0.860645515,0.040650307,0.0728,0.196,0.614,1.789,0.058,47.47,3.07,14.45,12.24,0.19,6.13,11.53,3.01,0.76,0.34,99.2,49.8,0.64,5888,14.01,503,26.3,172.9,23.64,0.99,1.78,0.16,201,4.2,1.55,0.27,0.042,1.71,1.49,0.39,24.5,18577,371,1393,74.39,18.44,42.52,5.71,25.96,6.06,2.02,6.02,0.88,5.13,0.93,2.53,0.32,2.02,0.29,NA,NA,NA,NA,NA,NA
30,MIR 2343-12,MIR-2343-12,MIR 2343-12,Alkali Basalt,Alk,2,25.26510414,0.181678229,23.22640814,0.421450124,4.75744e-7,4.22464e-8,18.8049913,-155.2047427,NA,NA,NA,NA,3195,NA,NA,dg-IEDA-2023,MIR2343,1,1,South Rift,NA,dg-IEDA-2023,NA,AB,S. Rift,1990 MIR,dive,TRUE,NA,1990,NA,0.0466,91.47854019809049,0.06877022727272727,135,6.285714286,1.236812047,0.020627592,0.078,0.213,0.773,1.949,0.069,47.39,3.27,14.86,11.62,0.17,5.53,10.82,3.55,0.97,0.43,98.6,48.5,1.41,7553,18.78,586,30.3,209,28.27,1.33,2.06,0.195,261,5.02,1.82,0.32,0.052,2.18,1.81,0.47,20.9,19719,387,1328,60.15,22.05,52.71,6.71,29.46,6.88,2.28,6.54,0.95,5.53,0.99,2.68,0.34,2.19,0.31,38.09472545,5.949e-4,15.46904795,2.288e-4,18.3494451,2.508e-4
31,MIR 2343-13,MIR-2343-13,MIR 2343-13,Alkali Basalt,Alk,2,25.32884244,0.169027233,25.03163687,0.224446599,7.0188e-7,2.36907e-7,18.8049913,-155.2047427,NA,NA,NA,NA,3179,NA,NA,dg-IEDA-2023,MIR2343,1,1,South Rift,NA,dg-IEDA-2023,NA,AB,S. Rift,1990 MIR,dive,TRUE,NA,1990,NA,0.0694,136.23628089586865,0.11308881818181818,222,17.77868478,1.169142221,0.122722055,0.0734,0.206,0.739,1.961,0.074,47.44,3.23,14.26,11.37,0.17,6.12,11.47,3.37,0.91,0.38,98.72,51.6,1.15,7425,17.95,551,28.3,191.1,26.91,1.28,2.22,0.191,250,4.72,1.68,0.32,0.047,2.18,1.63,0.48,26.6,19562,394,1321,89.89,22.6,52.17,6.97,31.11,7.19,2.38,7.33,1.05,6.09,1.1,2.94,0.38,2.42,0.33,NA,NA,NA,NA,NA,NA
32,Shinkai6500 490-8,Shinkai 6500-490-8,S 490-8,Tholeiite,Th,4,28.84268759,0.257249182,28.66092842,0.224576823,2.13881e-6,9.2969e-7,18.7583,-155.19,NA,NA,NA,NA,4383,NA,NA,shinkai-onboard,S490,2,1,South Rift,NA,dg-IEDA-2023,NA,TH,S. Rift,1999 Shinkai 6K YK 99-07,dive,NA,NA,1999,8,0.152,298.3849379851878,0.089656,176,8.380952381,0.914246468,0.086947827,0.1003,0.201,0.461,1.764,0.041,48.42,3.03,13.96,11.34,0.15,6.06,11.24,2.75,0.58,0.31,97.85,51.4,-0.15,4806,10.8,427,27.7,169.3,20.58,0.92,1.83,0.113,147,4.1,1.35,0.19,0.031,1.41,1.19,0.36,28.5,18552,362,1296,79.16,15.87,37.61,5.22,24.36,5.93,2.02,6.26,0.92,5.57,1.04,2.75,0.36,2.24,0.32,38.16968466,0.001506331,15.47359486,6.77596e-4,18.43583041,4.3e-5
33,Shinkai6500 494-1,Shinkai 6500-494-1,S 494-1,Transitional Basalt,Tr,3,23.55316284,0.437317718,18.64963421,0.602597566,9.02149e-8,8.47887e-9,18.8317,-155.2183,NA,NA,NA,NA,2541,NA,NA,shinkai-onboard,S494,2,1,South Rift,NA,dg-IEDA-2023,NA,TB,S. Rift,1999 Shinkai 6K YK 99-07,dive,NA,NA,1999,8,0.00776,15.233336307664853,0.04177154545454546,82,5.673931584,0.898457803,0.050182856,0.0702,0.203,0.661,2.134,0.08,48.53,3.56,13.95,12.6,0.19,5.34,10.31,3.19,0.83,0.41,98.89,45.6,0.49,6801,15.23,514,26.5,195.5,26.84,1.33,2.23,0.16,208,4.62,1.6,0.29,0.044,2.16,1.5,0.5,24.3,21995,406,1442,51.86,21.05,52.47,6.91,30.65,7.16,2.41,6.88,0.99,5.68,1.03,2.72,0.34,2.17,0.29,38.12607732,5.577e-4,15.46628291,2.245e-4,18.34911811,2.632e-4
34,Shinkai6500 494-2,Shinkai 6500-494-2,S 494-2,Transitional Basalt,Tr,3,24.07803394,0.328124505,19.11361616,1.023511324,8.99717e-8,7.58327e-9,18.835,-155.22,NA,NA,NA,NA,2466,NA,NA,shinkai-onboard,S494,2,1,South Rift,NA,dg-IEDA-2023,NA,TB,S. Rift,1999 Shinkai 6K YK 99-07,dive,NA,NA,1999,8,0.00624,12.249486927812974,0.035658636363636365,70,7,0.844,0.01,0.0688,0.191,0.652,2.108,0.065,48.5,3.46,14,12.19,0.18,5.47,10.44,3.1,0.78,0.4,98.52,47.1,0.37,6416,14.52,516,27.6,203.2,26.44,1.27,2.2,0.151,207,4.93,1.68,0.3,0.041,2.11,1.56,0.47,25.3,21045,379,1364,55.76,20.68,49.13,6.58,30.23,7.11,2.36,7.04,1,5.85,1.05,2.78,0.36,2.16,0.31,38.12731767,0.00055309999999999995,15.46622432,2.155e-4,18.34906891,2.636e-4
35,Shinkai6500 494-3,Shinkai 6500-494-3,S 494-3,Alkali Basalt,Alk,2,24.63213248,0.16396837,16.79414559,0.948821529,2.18399e-7,4.0651e-9,18.835,-155.225,NA,NA,NA,NA,2491,NA,NA,shinkai-onboard,S494,2,1,South Rift,NA,NA,NA,NA,S. Rift,1999 Shinkai 6K YK 99-07,dive,NA,NA,1999,8,0.027,53.002587668421526,0.04329977272727273,85,6,1.152642928,0.016305939,0.1025,0.201,0.929,2.056,0.104,46.29126667,3.538513333,14.88481667,12.48656667,0.165543667,5.037269817,10.52802433,3.718813333,1.153048333,0.5108045,98.31466732,NA,NA,9488,23.03,665,28.8,232.9,35.98,1.74,2.16,0.256,312,5.3,2.28,0.41,0.064,2.76,2.26,0.65,19.7,21240,402,1383,51.43,28.48,62.54,8.21,35.86,7.78,2.53,7.45,1.04,5.99,1.06,2.77,0.35,2.19,0.3,38.0275873,0.00163212,15.45983776,8.55125e-4,18.28049259,8.25638e-4
36,Shinkai6500 494-4,Shinkai 6500-494-4,S 494-4,Alkali Basalt,Alk,2,22.71688556,0.440208951,15.4085165,0.879940886,9.74877e-9,4.55474e-9,18.835,-155.2267,NA,NA,NA,NA,2491,NA,NA,shinkai-onboard,S494,2,1,South Rift,NA,NA,NA,NA,S. Rift,1999 Shinkai 6K YK 99-07,dive,NA,NA,1999,8,4.21e-4,0.8264477558668688,0.04126213636363636,81,2.00603775,1.095335081,0.028077533,0.1015,0.197,0.908,2.103,0.092,46.51431667,3.44216,14.93973333,12.09076667,0.1783005,5.189904167,10.69222917,3.679201667,1.112153333,0.502801333,98.34156683,NA,NA,8979,21.7,647,28,224.4,34.59,1.66,2.15,0.234,298,5.14,2.2,0.39,0.055,2.61,2.17,0.63,20.9,20885,411,1365,61.29,26.73,62.47,7.96,34.34,7.51,2.45,7.1,0.99,5.64,0.99,2.65,0.33,2.09,0.28,38.04177168,6.127e-4,15.46273528,2.574e-4,18.29362917,2.886e-4
37,Shinkai6500 494-5,Shinkai 6500-494-5,S 494-5,Tholeiite,Th,4,26.48213769,0.159549625,25.07105759,0.217975654,3.14638e-7,1.55748e-7,18.84,-155.2267,NA,NA,NA,NA,2358,NA,NA,shinkai-onboard,S494,2,1,South Rift,NA,NA,NA,NA,S. Rift,1999 Shinkai 6K YK 99-07,dive,NA,NA,1999,8,0.0231,45.34665833853841,0.042280954545454545,83,5,0.7,NA,0.0408,0.179,0.391,1.713,0.027,48.80978,2.86666,14.02146,12.06796,0.187118,6.20361172,11.253552000000001,2.589702,0.4735682,0.2784474,98.75185932,NA,NA,3985,8.95,400,28.7,155.9,16.52,0.81,1.84,0.096,129,4.18,1.09,0.18,0.029,1.37,0.98,0.28,30.1,17597,363,1406,71.13,13.9,34.05,4.84,23.16,5.83,2.04,6.36,0.95,5.66,1.08,2.84,0.38,2.38,0.35,NA,NA,NA,NA,NA,NA
38,Shinkai6500 494-6,Shinkai 6500-494-6,S 494-6,Tholeiite,Th,4,26.501703,0.504457781,26.44787672,0.361299593,2.33237e-8,1.02899e-7,18.8417,-155.23,NA,NA,NA,NA,2323,NA,NA,shinkai-onboard,S494,2,1,South Rift,NA,NA,NA,NA,S. Rift,1999 Shinkai 6K YK 99-07,dive,NA,NA,1999,8,0.0016,3.1408940840546085,0.024451636363636363,48,7.554488387,0.72341519,0.009326939,0.0368,0.176,0.357,1.605,0.039,48.99951667,2.748958333,14.06321667,11.84068333,0.1809675,6.433426383,11.5391685,2.558093333,0.4482205,0.2747945,99.08704572,NA,NA,3602,8.09,374,27.1,147.7,15.23,0.77,1.74,0.082,118,3.8,1,0.16,0.029,1.18,0.87,0.26,31,16696,369,1397,82.6,12.17,30.3,4.26,20.68,5.38,1.87,5.81,0.89,5.45,1,2.78,0.36,2.27,0.32,NA,NA,NA,NA,NA,NA
39,Shinkai6500 494-7,Shinkai 6500-494-7,S 494-7,Tholeiite,Th,4,25.89335139,0.399777843,26.19226415,0.356381371,2.32479e-8,9.05071e-8,18.845,-155.2317,NA,NA,NA,NA,2269,NA,NA,shinkai-onboard,S494,2,1,South Rift,NA,NA,NA,NA,S. Rift,1999 Shinkai 6K YK 99-07,dive,NA,NA,1999,8,5.29e-4,1.038458106540555,0.02394222727272727,47,4.012075499,0.774447014,0.036130161,0.0461,0.173,0.368,1.674,0.048,49.11673333,2.752178333,14.10305,11.72741667,0.1801995,6.2202317,11.48822733,2.57488,0.454176667,0.276007,98.89310053,NA,NA,3498,7.99,370,26.8,144.2,15.07,0.79,1.75,0.079,117,3.82,0.95,0.16,0.024,1.14,0.85,0.26,30.8,16232,361,1345,79.52,11.74,29.33,4.14,19.89,5.23,1.8,5.62,0.86,5.11,0.95,2.61,0.34,2.17,0.3,38.081366,6.597e-4,15.46636482,2.562e-4,18.35020243,3.176e-4
40,Shinkai6500 494-8,Shinkai 6500-494-8,S 494-8,Tholeiite,Th,4,26.4500856,0.229536769,25.65841509,0.280592009,1.43819e-7,8.41918e-8,18.8467,-155.2333,NA,NA,NA,NA,2171,NA,NA,shinkai-onboard,S494,2,1,South Rift,NA,dg-IEDA-2023,NA,TH,S. Rift,1999 Shinkai 6K YK 99-07,dive,NA,NA,1999,8,0.00784,15.390381011867584,0.033621,66,2,0.833,0.084,0.0398,0.191,0.409,1.712,0.063,48.96,2.99,13.87,12.2,0.19,6.02,11.07,2.66,0.52,0.3,98.77,49.4,-0.5,4119,9.45,400,27.5,155,17.23,0.87,1.91,0.093,134,4.05,1.1,0.19,0.028,1.32,0.97,0.3,27.6,17734,376,1393,63.21,13.79,34.02,4.79,22.42,5.82,1.99,6.08,0.93,5.51,1.04,2.86,0.37,2.29,0.33,38.08972946,5.69e-4,15.46624385,2.181e-4,18.35658755,2.542e-4
41,Shinkai6500 513-3,Shinkai 6500-513-3,S 513-3,Tholeiite,Th,4,29.89881294,0.244771886,29.71263597,0.228595564,6.6349e-7,3.44637e-7,18.7601,-155.1789,NA,NA,NA,NA,4245,NA,NA,shinkai-onboard,S513,2,1,South Rift,NA,dg-IEDA-2023,NA,TH,S. Rift,1999 Shinkai 6K YK 99-07,dive,NA,NA,1999,8,0.0507,99.5270812884804,0.09576890909090909,188,2.095238095,0.900866264,0.052511305,0.055,0.202,0.494,1.898,0.057,48,3.14,13.98,12.15,0.19,6.03,11.41,2.74,0.57,0.3,98.51,49.6,-0.02,4448,10.1,431,26.9,164,20.62,0.92,1.78,0.104,145,4.19,1.37,0.22,0.028,1.29,1.19,0.35,25.6,19183,389,1447,81.36,15.11,38.18,5.15,23.14,5.72,1.98,5.71,0.86,5.01,0.94,2.51,0.33,2.03,0.28,38.20989835,0.002712003,15.47274636,1.11187e-4,18.48380584,0.002474822
42,Shinkai6500 513-4A,Shinkai 6500-513-4A,S 513-4A,Transitional Basalt,Tr,3,26.26037879,0.187093957,24.50923636,0.357693457,1.93886e-6,6.32433e-8,18.765,-155.1803,NA,NA,NA,NA,4134,NA,NA,shinkai-onboard,S513,2,1,South Rift,NA,dg-IEDA-2023,NA,TB,S. Rift,1999 Shinkai 6K YK 99-07,dive,NA,NA,1999,8,0.173,339.60917283840456,0.08659954545454546,170,11.13634323,0.950137434,0.051789033,0.0992,0.169,0.699,1.919,0.064,48.3,3.23,14.51,11.32,0.16,5.76,10.59,3.45,0.86,0.38,98.56,50.2,0.87,7001,17.27,497,32,206.3,27.09,1.3,2.19,0.173,235,5.3,1.71,0.31,0.047,1.84,1.62,0.48,25.3,19624,395,1349,86.41,20.61,49.53,6.45,29.37,6.92,2.31,6.97,1.03,6.18,1.14,3.08,0.4,2.6,0.36,38.12484496,0.001386522,15.47214614,3.11014e-4,18.38932865,0.00140623
43,Shinkai6500 513-5,Shinkai 6500-513-5,S 513-5,Transitional Basalt,Tr,3,26.10581298,0.202278629,26.06223364,0.22866084,1.44562e-7,2.09479e-7,18.7702,-155.1817,NA,NA,NA,NA,3936,NA,NA,shinkai-onboard,S513,2,1,South Rift,NA,dg-IEDA-2023,NA,TB,S. Rift,1999 Shinkai 6K YK 99-07,dive,NA,NA,1999,8,0.00708,13.898456321941644,0.09373127272727273,184,4.838745113,0.801734311,0.022051578,0.0651,0.168,0.505,1.786,0.053,48.85,2.93,14.14,10.98,0.17,6.7,11.76,3.04,0.64,0.29,99.52,54.7,0.04,4907,11.61,423,29.3,168.8,19.46,0.92,1.74,0.121,162,4.3,1.31,0.21,0.03,1.46,1.21,0.32,29.6,17525,364,1273,106.67,15.65,37.35,5.1,23.56,5.85,1.99,6.13,0.91,5.59,1.02,2.78,0.36,2.3,0.32,NA,NA,NA,NA,NA,NA
44,Shinkai6500 513-6,Shinkai 6500-513-6,S 513-6,Transitional Basalt,Tr,3,26.13754702,0.213148212,26.0642155,0.213381511,6.47911e-7,3.32487e-7,18.7714,-155.1817,NA,NA,NA,NA,3936,NA,NA,shinkai-onboard,S513,2,1,South Rift,NA,dg-IEDA-2023,NA,TB,S. Rift,1999 Shinkai 6K YK 99-07,dive,NA,NA,1999,8,0.0543,106.59409297760328,0.09373127272727273,184,17.77868478,1.005124128,0.013368747,0.0829,0.172,0.505,1.674,0.071,48.49,2.89,13.85,10.85,0.16,6.95,11.84,2.96,0.65,0.31,98.95,55.9,0.1,5037,11.99,428,29.5,171.5,19.78,0.93,1.79,0.126,166,4.38,1.31,0.22,0.029,1.54,1.24,0.33,30.1,17489,364,1268,124.45,15.78,37.98,5.15,23.38,5.8,1.99,6.14,0.91,5.46,1.01,2.76,0.36,2.31,0.32,38.1324653,0.002367745,15.47165291,0.001284729,18.39771589,0.002404644
45,Shinkai6500 513-7A,Shinkai 6500-513-7A,S 513-7A,Tholeiite,Th,4,27.38530392,0.222923249,27.27348959,0.211460373,5.84598e-7,3.86917e-7,18.7714,-155.1817,NA,NA,NA,NA,3936,NA,NA,shinkai-onboard,S513,2,1,South Rift,NA,dg-IEDA-2023,NA,TH,S. Rift,1999 Shinkai 6K YK 99-07,dive,NA,NA,1999,8,0.039,76.5592932988311,0.09882536363636364,194,17,0.744,0.015,0.0463,0.169,0.435,1.66,0.051,49.46,2.77,13.8,11.31,0.18,7,11.85,2.77,0.53,0.28,99.95,55.1,-0.57,4510,10.72,389,28.4,155.9,18.55,0.87,1.83,0.105,149,4.03,1.21,0.2,0.028,1.31,1.06,0.31,29.7,16962,349,1297,86.96,13.78,32.89,4.55,21.54,5.52,1.87,5.88,0.89,5.43,1.03,2.77,0.36,2.29,0.33,38.16364615,5.765e-4,15.47386976,2.23e-4,18.4389186,2.655e-4
46,Shinkai6500 515-1,Shinkai 6500-515-1,S 515-1,Alkali Basalt,Alk,2,25.28258012,0.216104355,24.89514981,0.331624573,4.91772e-7,1.05915e-7,18.8037,-155.203,NA,NA,NA,NA,3060,NA,NA,shinkai-onboard,S515,2,1,South Rift,NA,dg-IEDA-2023,NA,AB,S. Rift,1999 Shinkai 6K YK 99-07,dive,NA,NA,1999,8,0.0453,88.92656375479612,0.0616385,121,4.361585904,1.174445033,0.05173343,0.0765,0.21,0.789,1.927,0.087,46.6,3.29,14.57,11.46,0.17,5.47,11.04,3.41,0.97,0.4,97.38,48.6,1.56,8023,19.9,592,28.2,196.6,29.74,1.46,2.08,0.204,284,4.82,1.82,0.35,0.048,2.19,1.75,0.52,23.2,20536,401,1347,66.29,23.63,54.66,7.16,31.54,7.24,2.39,7.2,1.04,5.91,1.1,2.96,0.38,2.38,0.33,38.09365675,9.24936e-4,15.46940191,7.59e-5,18.34821894,1.94837e-4
47,TUNE04WT-003Da,TUNE04WT-003A,TUNE 3A,Tholeiite (North Rift),Th (N),5,30.563651,0.218577309,30.55593993,0.328145551,1.41711e-6,4.66673e-7,19,-155.2683,19,19.0017,-155.2683,-155.26,1900,1900,1830,gdc-sio2018,TUNE003D,3,2,North Rift,NA,graham2023-supp,NA,TH,N. Rift,1991 TUNE04WT,dredge,TRUE,TRUE,1991,10,0.0608,119.35397519407513,0.028526909090909092,56,2,0.492,0.007,0.0109,0.129,0.259,1.3,0.013,49.8,2.14,13.41,10.77,0.14,8.37,11.32,2.39,0.33,0.19,98.86,60.6,-1.28,2565,4.85,298,24.2,123,10.64,0.49,1.39,0.049,74,3.2,0.73,0.11,0.016,0.82,0.61,0.17,30.9,13515,334,1342,160.57,8.74,22.41,3.26,15.9,4.31,1.54,4.72,0.73,4.55,0.86,2.33,0.3,1.92,0.27,37.95117111,0.003286805,15.44567827,0.001466541,18.17257818,0.001919983
48,TUNE04WT-003Db,TUNE04WT-003B,TUNE 3B,Tholeiite (North Rift),Th (N),5,30.70792641,0.264558414,30.7493097,0.233206728,7.93839e-7,5.33696e-7,19,-155.2683,19,19.0017,-155.2683,-155.26,1900,1900,1830,gdc-sio2018,TUNE003D,3,2,North Rift,NA,graham2023-supp,NA,TH,N. Rift,1991 TUNE04WT,dredge,TRUE,TRUE,1991,10,0.0324,63.60310520210582,0.02088577272727273,41,5,0.499,0.019,0.0098,0.127,0.26,1.296,0.05,50.22,2.14,13.54,10.86,0.18,8.26,11.4,2.4,0.32,0.19,99.51,60.1,-1.43,2661,5,293,22.5,114.5,10.49,0.5,1.43,0.052,74,2.99,0.69,0.1,0.017,0.87,0.58,0.18,30.6,13595,343,1362,160.6,8.58,22.69,3.2,15.57,4.21,1.53,4.51,0.71,4.39,0.83,2.22,0.29,1.9,0.26,NA,NA,NA,NA,NA,NA
49,TUNE04WT-003Dc,TUNE04WT-003C,TUNE 3C,Tholeiite (North Rift),Th (N),5,30.68238953,0.238388708,30.67522076,0.232795136,1.33685e-6,4.9362e-7,19,-155.2683,19,19.0017,-155.2683,-155.26,1900,1900,1830,gdc-sio2018,TUNE003D,3,2,North Rift,NA,graham2023-supp,NA,TH,N. Rift,1991 TUNE04WT,dredge,TRUE,TRUE,1991,10,0.0564,110.71651646292496,0.025470454545454546,50,1,0.494,0.008,0.0104,0.127,0.261,1.275,NA,50.02,2.14,13.52,10.85,0.18,8.24,11.33,2.42,0.33,0.2,99.23,60.1,-1.33,2593,4.87,297,23.9,121.9,10.51,0.5,1.37,0.051,74,3.18,0.71,0.1,0.017,0.84,0.61,0.17,30.8,13491,336,1347,158.44,8.8,22.68,3.24,15.82,4.32,1.53,4.65,0.72,4.48,0.84,2.26,0.3,1.89,0.26,NA,NA,NA,NA,NA,NA
50,TUNE04WT-004Da,TUNE04WT-004A,TUNE 4A,Alkali Basalt,Alk,2,25.41862336,0.182251337,22.99904334,0.490160521,1.80045e-6,2.45044e-8,18.7583,-155.2083,18.7583,18.7733,-155.2083,-155.19,4200,4200,3900,gdc-sio2018,TUNE004D,3,1,South Rift,NA,graham2023-supp,NA,AB,S. Rift,1991 TUNE04WT,dredge,TRUE,TRUE,1991,10,0.172,337.64611403587037,0.051959727272727275,102,3.629058835,1.875730679,0.045654839,0.0972,0.166,0.717,1.959,0.056,47.23,3.17,14.48,11.36,0.15,5.79,11.1,3.33,0.86,0.37,97.85,50.2,1.14,7329,17.69,571,23.1,178.2,26.27,1.26,2.11,0.177,240,4.27,1.6,0.3,0.047,2.03,1.51,0.47,24.2,18710,358,1278,80.84,19.62,47.34,6.19,26.81,6.3,2.1,5.96,0.83,4.72,0.83,2.17,0.28,1.71,0.23,38.1184708,8.74001e-4,15.46789897,3.09e-5,18.36284926,5.68161e-4
51,TUNE04WT-004Db,TUNE04WT-004B,TUNE 4B,Alkali Basalt,Alk,2,25.32886439,0.157682622,18.91619041,0.757552927,9.0705e-7,9.61212e-9,18.7583,-155.2083,18.7583,18.7733,-155.2083,-155.19,4200,4200,3900,gdc-sio2018,TUNE004D,3,1,South Rift,NA,graham2023-supp,NA,AB,S. Rift,1991 TUNE04WT,dredge,TRUE,TRUE,1991,10,0.0839,164.70063353261358,0.06265731818181818,123,4.838745113,1.81690616,0.080953064,0.0957,0.178,0.711,1.93,0.084,47,3.22,14.48,11.57,0.16,5.99,11.1,3.31,0.85,0.37,98.05,50.6,1.2,7354,18.23,586,23.2,178.1,26.66,1.32,2.15,0.176,252,4.55,1.63,0.32,0.049,2.05,1.51,0.46,24.6,18669,352,1248,77.81,20.12,45.48,6.18,27.76,6.53,2.17,6.26,0.86,5.04,0.87,2.3,0.29,1.77,0.24,NA,NA,NA,NA,NA,NA
52,TUNE04WT-004Dc,TUNE04WT-004C,TUNE 4C,Alkali Basalt,Alk,2,NA,NA,NA,NA,NA,NA,18.7583,-155.2083,18.7583,18.7733,-155.2083,-155.19,4200,4200,3900,gdc-sio2018,TUNE004D,3,1,South Rift,NA,NA,NA,NA,S. Rift,1991 TUNE04WT,dredge,TRUE,TRUE,1991,10,NA,NA,0.062147909090909094,122,2.63645012,1.800664844,0.02546605,0.0938,0.17,0.692,1.915,0.07,47.60030289,3.138715047,14.46119185,11.32104294,0.181964072,5.947932349,11.16364327,3.339401064,0.838985737,0.373407538,98.36658677,NA,NA,7439,18.06,577,23.1,174.9,26.18,1.32,2.17,0.181,242,4.38,1.59,0.29,0.045,2.05,1.52,0.48,23.5,19351,375,1324,78.66,20.32,49.06,6.32,27.93,6.5,2.18,6.14,0.86,4.88,0.86,2.23,0.28,1.75,0.23,NA,NA,NA,NA,NA,NA
53,KK17-2,KK-17-2,KK 17-2,Alkali Basalt,Alk,2,24.18,NA,18.96,NA,4.18e-7,1.66e-8,18.98,-155.27,18.98,18.99,-155.27,-155.28,1662,1662,1572,moore1982,KK17,4,2,North Rift,TRUE,dixonclague2001,"Flow unit A. AOB (Dave said AB), moore1982 Differentiated alkali basalt, dixonclague for  Alkali Olivine Basalt",NA,N. Rift,1981 KK1-HW-81,dredge,TRUE,TRUE,1981,2,0.0545,106.98670473811012,0.02292340909090909,45,NA,0.928,NA,0.0678,0.212,0.682,2.004,0.092,47.2,3.27,14.1,12,0.19,5.86,11.2,3.18,0.85,0.38,98.23,49.2,1,6817,15.55,595,26.7,193.3,27.51,1.23,2.04,0.168,228,4.84,1.75,0.31,0.045,2,1.75,0.47,25.4,20031,370,1392,74.47,23.05,54.68,7.17,31.37,6.88,2.36,6.85,0.97,5.54,0.96,2.52,0.33,1.95,0.27,NA,NA,NA,NA,NA,NA
54,KK20-14,KK-20-14,KK 20-14,Tholeiite,Th,4,26.7,NA,26.41,NA,5.84e-7,2.21e-7,18.89,-155.26,18.89,18.89,-155.26,-155.27,1682,1682,1351,moore1982,KK20,4,1,South Rift,NA,dixonclague2001,Flow unit E,NA,S. Rift,1981 KK1-HW-81,dredge,TRUE,TRUE,1981,2,0.0442,86.76719907200857,0.021395181818181817,42,NA,0.536,NA,0.0568,0.166,0.389,1.402,0.033,49.3,2.44,12.9,11.5,0.18,7.12,12.1,2.47,0.5,0.24,98.75,55.1,-0.84,3864,8.4,393,22.7,124.1,14.43,0.68,1.44,0.091,133,3.33,0.93,0.16,0.025,1.22,0.91,0.25,31.8,14774,335,1382,111.75,12.19,30.17,4.19,19.54,4.6,1.7,4.91,0.74,4.51,0.81,2.16,0.28,1.71,0.24,NA,NA,NA,NA,NA,NA
55,KK25-4,KK-25-4,KK 25-4,Transitional Basalt,Tr,3,23.37,NA,21.72,NA,4.82e-7,7.63e-8,18.86,-155.24,18.86,18.86,-155.24,-155.26,2093,2093,1913,moore1982,KK25,4,1,South Rift,TRUE,dixonclague2001,Moore1982 states Differentiated transitional basalt. Dixonclague states actually KK25A here Alkali Olivine Basalt,NA,S. Rift,1981 KK1-HW-81,dredge,TRUE,TRUE,1981,2,0.0331,64.9772463638797,0.026489272727272726,52,NA,0.805,NA,0.0413,0.192,0.504,1.808,0.056,48.1,2.96,14,12.2,0.19,6,11,2.95,0.64,0.31,98.35,49.3,0.22,5122,11.13,445,28.3,160.9,19.49,0.84,1.82,0.128,159,4.07,1.23,0.2,0.033,1.53,1.13,0.31,27.9,17993,352,1370,73.64,16.36,38.37,5.46,25.54,6.09,2.07,6.28,0.95,5.7,1.04,2.83,0.37,2.34,0.33,NA,NA,NA,NA,NA,NA
56,KK31-9,KK-31-9,KK 31-9,Alkali Basalt,Alk,2,20.6,NA,18.68,NA,6.91e-7,6.88e-8,18.94,-155.29,18.94,18.95,-155.29,-155.32,2323,2323,2049,moore1982,KK31,4,4,Western Ridge,NA,graham2023-supp1,NA,NA,W. Ridge,1981 KK1-HW-81,dredge,TRUE,TRUE,1981,2,0.0735,144.28482198625858,0.06316672727272728,124,NA,0.771,NA,0.0341,0.125,0.554,1.295,0.051,46.3,2.13,13.7,11.8,0.18,8.09,12.5,2.6,0.67,0.23,98.2,57.6,0.57,5628,13.6,425,22.7,129.3,16.73,0.84,1.43,0.143,207,3.36,1.04,0.2,0.036,1.72,1.14,0.28,31.6,13202,364,1446,139.69,14.89,35.76,4.67,20.95,4.85,1.69,5.07,0.74,4.37,0.82,2.24,0.29,1.82,0.26,NA,NA,NA,NA,NA,NA
57,KK31-12,KK-31-12,KK 31-12,Alkali Basalt,Alk,2,21.69,NA,20.94,NA,1.31e-6,2.77e-7,18.94,-155.29,18.94,18.95,-155.29,-155.32,2323,2323,2049,moore1982,KK31,4,4,Western Ridge,TRUE,dixonclague2001,"Flow unit A. AOB, dixonclague states Alkali Olivine Basalt",NA,W. Ridge,1981 KK1-HW-81,dredge,TRUE,TRUE,1981,2,0.113,221.82564468635675,0.05654440909090909,111,NA,0.77,NA,0.0322,0.1,0.562,1.328,0.07,46.3,2.13,13.7,11.8,0.18,8.09,12.5,2.6,0.67,0.23,98.2,57.6,0.57,5532,13.51,403,21.6,120.3,15.72,0.83,1.34,0.142,200,3.15,0.96,0.17,0.033,1.66,1.06,0.27,32.5,12644,330,1394,141.36,14.5,32.81,4.42,20.31,4.73,1.64,4.97,0.74,4.43,0.82,2.25,0.29,1.82,0.26,NA,NA,NA,NA,NA,NA
58,Pisces V 158-4,Pisces V-158-4,Pisces 158-4,Basanite,Bas,1,22.32,NA,12.92,NA,2.44e-7,5.78e-9,18.93,-155.24,NA,NA,NA,NA,1926,NA,NA,dg-IEDA-2023,P158,5,3,East Flank,NA,garcia.etal1995,NA,Bas,E. Flank,1991 Pisces V,dive,TRUE,NA,1991,9,0.0326,63.99571696261264,0.06622318181818182,130,NA,1.139,NA,0.1096,0.211,1.442,2.003,0.131,45.4,3.38,16.1,12.05,0.18,4.59,10.76,4.25,1.75,0.68,99.65211483,43.00627897,3.632,14407,36.38,904,26,216,46.35,2.22,2.14,0.401,528,4.71,2.83,0.56,0.087,3.65,2.87,0.76,13.8,20356,387,1537,42.41,35.79,80.82,10.03,41.31,8.17,2.66,7.33,1,5.61,0.94,2.41,0.3,1.92,0.26,NA,NA,NA,NA,NA,NA
59,Pisces V 158-5,Pisces V-158-5,Pisces 158-5,Basanite,Bas,1,22.47,NA,19.27,NA,1.2e-7,1.31e-8,18.93,-155.24,NA,NA,NA,NA,1830,NA,NA,dg-IEDA-2023,P158,5,3,East Flank,NA,garcia.etal1995,NA,Bas,E. Flank,1991 Pisces V,dive,TRUE,NA,1991,9,0.0147,28.85696439725172,0.02903631818181818,57,NA,0.862,NA,0.0434,0.291,0.62,2.298,0.06,44.02324694,3.789441504,14.54959567,15.35219913,0.255078852,6.059850877,11.79215504,2.772877012,0.762479886,0.295189917,99.65211483,43.88122492,1.676755529,6209,14.62,513,27.2,163.3,23.21,1.03,2.04,0.152,216,4.34,1.48,0.25,0.039,2.03,1.41,0.36,28.3,23891,628,1701,41.93,18.46,44.46,5.85,26.46,6.22,2.17,6.31,0.89,5.28,0.96,2.41,0.31,1.98,0.27,NA,NA,NA,NA,NA,NA
60,Pisces V 186-3,Pisces V-186-3,Pisces 186-3,Tholeiite,Th,4,26.57,NA,NA,NA,7.94e-7,NA,18.94,-155.25,NA,NA,NA,NA,1900,NA,NA,dg-IEDA-2023,P186,5,3,East Flank,NA,garcia.etal1995,NA,TH,E. Flank,1991 Pisces V,dive,TRUE,NA,1991,9,0.0779,152.92228071740877,0.025470454545454546,50,NA,0.478,NA,0.032,0.211,0.301,1.526,0.047,49.45022019,2.582152501,12.65288826,11.51555037,0.212553799,7.839557253,12.5033796,2.083401673,0.355239422,0.210181429,99.40512451,57.42160573,-1.427940377,3061,6.37,334,24.5,133.2,12.63,0.59,1.74,0.063,87,3.57,0.85,0.12,0.019,1.02,0.69,0.21,35.6,16152,349,1469,79.62,10.33,27.12,3.86,19.02,4.96,1.74,5.25,0.81,5,0.88,2.43,0.31,1.93,0.25,NA,NA,NA,NA,NA,NA
61,Pisces V 187-1A,Pisces V-187-1A,Pisces 187-1A,Alkali Basalt,Alk,2,22.83,NA,NA,NA,7.8e-7,NA,18.95,-155.25,NA,NA,NA,NA,2000,NA,NA,dg-IEDA-2023,P187,5,3,East Flank,NA,garcia.etal1995,NA,AB,E. Flank,1991 Pisces V,dive,TRUE,NA,1991,9,0.083,162.93388061033284,0.047375045454545454,93,NA,0.63,NA,0.0472,0.153,0.532,1.341,0.063,46.57897748,2.310818265,12.33070934,11.56099612,0.161012522,10.00260463,13.36306983,2.288198285,0.653391066,0.253073394,99.50285094,63.15327932,0.137367684,5495,13.17,413,20.3,117.2,17.45,0.82,1.38,0.143,197,3.13,1.11,0.2,0.037,1.63,1.09,0.28,35.3,14072,354,1449,221.83,13.96,33.44,4.5,19.79,4.69,1.59,4.56,0.68,3.99,0.71,1.92,0.24,1.56,0.21,NA,NA,NA,NA,NA,NA
62,Pisces V 187-5B,Pisces V-187-5B,Pisces 187-5B,Transitional Basalt,Tr,3,25.72,NA,NA,NA,4.27e-7,NA,18.95,-155.25,NA,NA,NA,NA,1580,NA,NA,dg-IEDA-2023,P187,5,3,East Flank,NA,garcia.etal1995,NA,TB,E. Flank,1991 Pisces V,dive,TRUE,NA,1991,9,0.0339,66.54769340590701,0.024451636363636363,48,NA,0.866,NA,0.0457,0.168,0.452,1.568,0.072,47.80912302,2.684542029,13.3125655,11.15470152,0.156379526,7.703080017,12.74045769,2.531254352,0.562935534,0.301846089,98.95688528,57.77024639,-0.165185633,4719,10.5,449,22.5,141.8,18.27,0.86,1.71,0.112,160,3.71,1.19,0.22,0.032,1.53,1.12,0.3,33.5,15923,334,1292,99.55,15.19,36.3,5.12,22.44,5.39,1.85,5.6,0.82,4.88,0.87,2.23,0.27,1.78,0.24,NA,NA,NA,NA,NA,NA
63,Pisces V 187-8,Pisces V-187-8,Pisces 187-8,Tholeiite,Th,4,31.86,NA,30.6,NA,5.02e-7,1.43e-7,18.95,-155.25,NA,NA,NA,NA,1215,NA,NA,dg-IEDA-2023,P187,5,3,East Flank,NA,garcia.etal1995,NA,TH,E. Flank,1991 Pisces V,dive,TRUE,NA,1991,9,0.032,62.81788168109218,0.018338727272727274,36,NA,0.49,NA,0.0524,0.144,0.346,1.512,0.045,49.18999331,2.572955293,13.38184051,11.21449223,0.201769919,7.695529975,11.98816787,2.377092363,0.446575176,0.258680234,99.32709688,57.61582982,-0.946629985,3676,8.05,382,23.8,130.7,16.63,0.77,1.53,0.078,117,3.5,1.06,0.17,0.025,1.21,0.96,0.27,32,16100,363,1466,117.12,13.47,33.79,4.49,20.26,4.95,1.76,5.26,0.79,4.7,0.85,2.3,0.3,1.86,0.26,NA,NA,NA,NA,NA,NA
64,Pisces V 187-9,Pisces V-187-9,Pisces 187-9,Tholeiite,Th,4,31.53,NA,NA,NA,1.02e-7,NA,18.95,-155.25,NA,NA,NA,NA,1080,NA,NA,dg-IEDA-2023,P187,5,3,East Flank,NA,garcia.etal1995,NA,TH,E. Flank,1991 Pisces V,dive,TRUE,NA,1991,9,0.0043,8.441152850896762,0.015282272727272728,30,NA,0.477,NA,0.0492,0.145,0.35,1.512,0.053,49.47778416,2.591146468,13.40079603,11.15564231,0.200735462,7.519385733,12.14620959,2.347923407,0.420337183,0.234927046,99.49488738,57.17828115,-1.108519548,3801,8.36,385,24.6,133.4,16.65,0.72,1.66,0.078,117,3.56,1.07,0.16,0.025,1.25,0.97,0.27,33.2,15958,331,1392,100.21,13.8,32.75,4.46,21.01,5.11,1.79,5.52,0.82,4.9,0.92,2.4,0.32,1.91,0.28,NA,NA,NA,NA,NA,NA
